ColumnHeader,Measurement,Gravels,Stones,Treatment,Depth,Column,Block,Sensor,Units,Summary,MUX,Port
TIMESTAMP,Expt,Expt,Expt,Expt,Expt,Expt,Expt,Expt,Expt,Expt,Expt,Expt
RECORD,Expt,Expt,Expt,Expt,Expt,Expt,Expt,Expt,Expt,Expt,Expt,Expt
BattV_Avg,Expt,Expt,Expt,Expt,Expt,Expt,Expt,Expt,Expt,Expt,Expt,Expt
PTemp_C_Avg,Expt,Expt,Expt,Expt,Expt,Expt,Expt,Expt,Expt,Expt,Expt,Expt
"CS650(1,1)",VolumetricWaterContent,Shallow,VeryStony,F,D1,1,1,S_1,mm3/mm3,Samp,1,1
"CS650(1,2)",ElectricalConductivity,Shallow,VeryStony,F,D1,1,1,S_1,dS/m,Samp,1,1
"CS650(1,3)",Temperature,Shallow,VeryStony,F,D1,1,1,S_1,oC,Samp,1,1
"CS650(1,4)",Permittivity,Shallow,VeryStony,F,D1,1,1,S_1,-,Samp,1,1
"CS650(1,5)",Period,Shallow,VeryStony,F,D1,1,1,S_1,uSec,Samp,1,1
"CS650(1,6)",VoltageRatio,Shallow,VeryStony,F,D1,1,1,S_1,-,Samp,1,1
"CS650(2,1)",VolumetricWaterContent,Shallow,VeryStony,F,D2,1,1,S_2,mm3/mm3,Samp,1,2
"CS650(2,2)",ElectricalConductivity,Shallow,VeryStony,F,D2,1,1,S_2,dS/m,Samp,1,2
"CS650(2,3)",Temperature,Shallow,VeryStony,F,D2,1,1,S_2,oC,Samp,1,2
"CS650(2,4)",Permittivity,Shallow,VeryStony,F,D2,1,1,S_2,-,Samp,1,2
"CS650(2,5)",Period,Shallow,VeryStony,F,D2,1,1,S_2,uSec,Samp,1,2
"CS650(2,6)",VoltageRatio,Shallow,VeryStony,F,D2,1,1,S_2,-,Samp,1,2
"CS650(3,1)",VolumetricWaterContent,Shallow,VeryStony,F,D3,1,1,S_3,mm3/mm3,Samp,1,3
"CS650(3,2)",ElectricalConductivity,Shallow,VeryStony,F,D3,1,1,S_3,dS/m,Samp,1,3
"CS650(3,3)",Temperature,Shallow,VeryStony,F,D3,1,1,S_3,oC,Samp,1,3
"CS650(3,4)",Permittivity,Shallow,VeryStony,F,D3,1,1,S_3,-,Samp,1,3
"CS650(3,5)",Period,Shallow,VeryStony,F,D3,1,1,S_3,uSec,Samp,1,3
"CS650(3,6)",VoltageRatio,Shallow,VeryStony,F,D3,1,1,S_3,-,Samp,1,3
"CS650(4,1)",VolumetricWaterContent,Shallow,VeryStony,F,D4,1,1,S_4,mm3/mm3,Samp,1,4
"CS650(4,2)",ElectricalConductivity,Shallow,VeryStony,F,D4,1,1,S_4,dS/m,Samp,1,4
"CS650(4,3)",Temperature,Shallow,VeryStony,F,D4,1,1,S_4,oC,Samp,1,4
"CS650(4,4)",Permittivity,Shallow,VeryStony,F,D4,1,1,S_4,-,Samp,1,4
"CS650(4,5)",Period,Shallow,VeryStony,F,D4,1,1,S_4,uSec,Samp,1,4
"CS650(4,6)",VoltageRatio,Shallow,VeryStony,F,D4,1,1,S_4,-,Samp,1,4
"CS650(5,1)",VolumetricWaterContent,Shallow,StoneFree,D,D1,2,1,S_5,mm3/mm3,Samp,1,5
"CS650(5,2)",ElectricalConductivity,Shallow,StoneFree,D,D1,2,1,S_5,dS/m,Samp,1,5
"CS650(5,3)",Temperature,Shallow,StoneFree,D,D1,2,1,S_5,oC,Samp,1,5
"CS650(5,4)",Permittivity,Shallow,StoneFree,D,D1,2,1,S_5,-,Samp,1,5
"CS650(5,5)",Period,Shallow,StoneFree,D,D1,2,1,S_5,uSec,Samp,1,5
"CS650(5,6)",VoltageRatio,Shallow,StoneFree,D,D1,2,1,S_5,-,Samp,1,5
"CS650(6,1)",VolumetricWaterContent,Shallow,StoneFree,D,D2,2,1,S_6,mm3/mm3,Samp,1,6
"CS650(6,2)",ElectricalConductivity,Shallow,StoneFree,D,D2,2,1,S_6,dS/m,Samp,1,6
"CS650(6,3)",Temperature,Shallow,StoneFree,D,D2,2,1,S_6,oC,Samp,1,6
"CS650(6,4)",Permittivity,Shallow,StoneFree,D,D2,2,1,S_6,-,Samp,1,6
"CS650(6,5)",Period,Shallow,StoneFree,D,D2,2,1,S_6,uSec,Samp,1,6
"CS650(6,6)",VoltageRatio,Shallow,StoneFree,D,D2,2,1,S_6,-,Samp,1,6
"CS650(7,1)",VolumetricWaterContent,Shallow,StoneFree,D,D3,2,1,S_7,mm3/mm3,Samp,1,7
"CS650(7,2)",ElectricalConductivity,Shallow,StoneFree,D,D3,2,1,S_7,dS/m,Samp,1,7
"CS650(7,3)",Temperature,Shallow,StoneFree,D,D3,2,1,S_7,oC,Samp,1,7
"CS650(7,4)",Permittivity,Shallow,StoneFree,D,D3,2,1,S_7,-,Samp,1,7
"CS650(7,5)",Period,Shallow,StoneFree,D,D3,2,1,S_7,uSec,Samp,1,7
"CS650(7,6)",VoltageRatio,Shallow,StoneFree,D,D3,2,1,S_7,-,Samp,1,7
"CS650(8,1)",VolumetricWaterContent,Shallow,StoneFree,D,D4,2,1,S_8,mm3/mm3,Samp,1,8
"CS650(8,2)",ElectricalConductivity,Shallow,StoneFree,D,D4,2,1,S_8,dS/m,Samp,1,8
"CS650(8,3)",Temperature,Shallow,StoneFree,D,D4,2,1,S_8,oC,Samp,1,8
"CS650(8,4)",Permittivity,Shallow,StoneFree,D,D4,2,1,S_8,-,Samp,1,8
"CS650(8,5)",Period,Shallow,StoneFree,D,D4,2,1,S_8,uSec,Samp,1,8
"CS650(8,6)",VoltageRatio,Shallow,StoneFree,D,D4,2,1,S_8,-,Samp,1,8
"CS650(9,1)",VolumetricWaterContent,Shallow,Stony,E,D1,3,1,S_9,mm3/mm3,Samp,1,9
"CS650(9,2)",ElectricalConductivity,Shallow,Stony,E,D1,3,1,S_9,dS/m,Samp,1,9
"CS650(9,3)",Temperature,Shallow,Stony,E,D1,3,1,S_9,oC,Samp,1,9
"CS650(9,4)",Permittivity,Shallow,Stony,E,D1,3,1,S_9,-,Samp,1,9
"CS650(9,5)",Period,Shallow,Stony,E,D1,3,1,S_9,uSec,Samp,1,9
"CS650(9,6)",VoltageRatio,Shallow,Stony,E,D1,3,1,S_9,-,Samp,1,9
"CS650(10,1)",VolumetricWaterContent,Shallow,Stony,E,D2,3,1,S_10,mm3/mm3,Samp,1,10
"CS650(10,2)",ElectricalConductivity,Shallow,Stony,E,D2,3,1,S_10,dS/m,Samp,1,10
"CS650(10,3)",Temperature,Shallow,Stony,E,D2,3,1,S_10,oC,Samp,1,10
"CS650(10,4)",Permittivity,Shallow,Stony,E,D2,3,1,S_10,-,Samp,1,10
"CS650(10,5)",Period,Shallow,Stony,E,D2,3,1,S_10,uSec,Samp,1,10
"CS650(10,6)",VoltageRatio,Shallow,Stony,E,D2,3,1,S_10,-,Samp,1,10
"CS650(11,1)",VolumetricWaterContent,Shallow,Stony,E,D3,3,1,S_11,mm3/mm3,Samp,1,11
"CS650(11,2)",ElectricalConductivity,Shallow,Stony,E,D3,3,1,S_11,dS/m,Samp,1,11
"CS650(11,3)",Temperature,Shallow,Stony,E,D3,3,1,S_11,oC,Samp,1,11
"CS650(11,4)",Permittivity,Shallow,Stony,E,D3,3,1,S_11,-,Samp,1,11
"CS650(11,5)",Period,Shallow,Stony,E,D3,3,1,S_11,uSec,Samp,1,11
"CS650(11,6)",VoltageRatio,Shallow,Stony,E,D3,3,1,S_11,-,Samp,1,11
"CS650(12,1)",VolumetricWaterContent,Shallow,Stony,E,D4,3,1,S_12,mm3/mm3,Samp,1,12
"CS650(12,2)",ElectricalConductivity,Shallow,Stony,E,D4,3,1,S_12,dS/m,Samp,1,12
"CS650(12,3)",Temperature,Shallow,Stony,E,D4,3,1,S_12,oC,Samp,1,12
"CS650(12,4)",Permittivity,Shallow,Stony,E,D4,3,1,S_12,-,Samp,1,12
"CS650(12,5)",Period,Shallow,Stony,E,D4,3,1,S_12,uSec,Samp,1,12
"CS650(12,6)",VoltageRatio,Shallow,Stony,E,D4,3,1,S_12,-,Samp,1,12
"CS650(13,1)",VolumetricWaterContent,Deep,VeryStony,C,D1,4,1,S_13,mm3/mm3,Samp,1,13
"CS650(13,2)",ElectricalConductivity,Deep,VeryStony,C,D1,4,1,S_13,dS/m,Samp,1,13
"CS650(13,3)",Temperature,Deep,VeryStony,C,D1,4,1,S_13,oC,Samp,1,13
"CS650(13,4)",Permittivity,Deep,VeryStony,C,D1,4,1,S_13,-,Samp,1,13
"CS650(13,5)",Period,Deep,VeryStony,C,D1,4,1,S_13,uSec,Samp,1,13
"CS650(13,6)",VoltageRatio,Deep,VeryStony,C,D1,4,1,S_13,-,Samp,1,13
"CS650(14,1)",VolumetricWaterContent,Deep,VeryStony,C,D2,4,1,S_14,mm3/mm3,Samp,1,14
"CS650(14,2)",ElectricalConductivity,Deep,VeryStony,C,D2,4,1,S_14,dS/m,Samp,1,14
"CS650(14,3)",Temperature,Deep,VeryStony,C,D2,4,1,S_14,oC,Samp,1,14
"CS650(14,4)",Permittivity,Deep,VeryStony,C,D2,4,1,S_14,-,Samp,1,14
"CS650(14,5)",Period,Deep,VeryStony,C,D2,4,1,S_14,uSec,Samp,1,14
"CS650(14,6)",VoltageRatio,Deep,VeryStony,C,D2,4,1,S_14,-,Samp,1,14
"CS650(15,1)",VolumetricWaterContent,Deep,VeryStony,C,D3,4,1,S_15,mm3/mm3,Samp,1,15
"CS650(15,2)",ElectricalConductivity,Deep,VeryStony,C,D3,4,1,S_15,dS/m,Samp,1,15
"CS650(15,3)",Temperature,Deep,VeryStony,C,D3,4,1,S_15,oC,Samp,1,15
"CS650(15,4)",Permittivity,Deep,VeryStony,C,D3,4,1,S_15,-,Samp,1,15
"CS650(15,5)",Period,Deep,VeryStony,C,D3,4,1,S_15,uSec,Samp,1,15
"CS650(15,6)",VoltageRatio,Deep,VeryStony,C,D3,4,1,S_15,-,Samp,1,15
"CS650(16,1)",VolumetricWaterContent,Deep,VeryStony,C,D4,4,1,S_16,mm3/mm3,Samp,1,16
"CS650(16,2)",ElectricalConductivity,Deep,VeryStony,C,D4,4,1,S_16,dS/m,Samp,1,16
"CS650(16,3)",Temperature,Deep,VeryStony,C,D4,4,1,S_16,oC,Samp,1,16
"CS650(16,4)",Permittivity,Deep,VeryStony,C,D4,4,1,S_16,-,Samp,1,16
"CS650(16,5)",Period,Deep,VeryStony,C,D4,4,1,S_16,uSec,Samp,1,16
"CS650(16,6)",VoltageRatio,Deep,VeryStony,C,D4,4,1,S_16,-,Samp,1,16
"CS650(17,1)",VolumetricWaterContent,Deep,Stony,B,D1,5,1,S_17,mm3/mm3,Samp,1,17
"CS650(17,2)",ElectricalConductivity,Deep,Stony,B,D1,5,1,S_17,dS/m,Samp,1,17
"CS650(17,3)",Temperature,Deep,Stony,B,D1,5,1,S_17,oC,Samp,1,17
"CS650(17,4)",Permittivity,Deep,Stony,B,D1,5,1,S_17,-,Samp,1,17
"CS650(17,5)",Period,Deep,Stony,B,D1,5,1,S_17,uSec,Samp,1,17
"CS650(17,6)",VoltageRatio,Deep,Stony,B,D1,5,1,S_17,-,Samp,1,17
"CS650(18,1)",VolumetricWaterContent,Deep,Stony,B,D2,5,1,S_18,mm3/mm3,Samp,1,18
"CS650(18,2)",ElectricalConductivity,Deep,Stony,B,D2,5,1,S_18,dS/m,Samp,1,18
"CS650(18,3)",Temperature,Deep,Stony,B,D2,5,1,S_18,oC,Samp,1,18
"CS650(18,4)",Permittivity,Deep,Stony,B,D2,5,1,S_18,-,Samp,1,18
"CS650(18,5)",Period,Deep,Stony,B,D2,5,1,S_18,uSec,Samp,1,18
"CS650(18,6)",VoltageRatio,Deep,Stony,B,D2,5,1,S_18,-,Samp,1,18
"CS650(19,1)",VolumetricWaterContent,Deep,Stony,B,D3,5,1,S_19,mm3/mm3,Samp,1,19
"CS650(19,2)",ElectricalConductivity,Deep,Stony,B,D3,5,1,S_19,dS/m,Samp,1,19
"CS650(19,3)",Temperature,Deep,Stony,B,D3,5,1,S_19,oC,Samp,1,19
"CS650(19,4)",Permittivity,Deep,Stony,B,D3,5,1,S_19,-,Samp,1,19
"CS650(19,5)",Period,Deep,Stony,B,D3,5,1,S_19,uSec,Samp,1,19
"CS650(19,6)",VoltageRatio,Deep,Stony,B,D3,5,1,S_19,-,Samp,1,19
"CS650(20,1)",VolumetricWaterContent,Deep,Stony,B,D4,5,1,S_20,mm3/mm3,Samp,1,20
"CS650(20,2)",ElectricalConductivity,Deep,Stony,B,D4,5,1,S_20,dS/m,Samp,1,20
"CS650(20,3)",Temperature,Deep,Stony,B,D4,5,1,S_20,oC,Samp,1,20
"CS650(20,4)",Permittivity,Deep,Stony,B,D4,5,1,S_20,-,Samp,1,20
"CS650(20,5)",Period,Deep,Stony,B,D4,5,1,S_20,uSec,Samp,1,20
"CS650(20,6)",VoltageRatio,Deep,Stony,B,D4,5,1,S_20,-,Samp,1,20
"CS650(21,1)",VolumetricWaterContent,Deep,StoneFree,A,D1,6,1,S_21,mm3/mm3,Samp,1,21
"CS650(21,2)",ElectricalConductivity,Deep,StoneFree,A,D1,6,1,S_21,dS/m,Samp,1,21
"CS650(21,3)",Temperature,Deep,StoneFree,A,D1,6,1,S_21,oC,Samp,1,21
"CS650(21,4)",Permittivity,Deep,StoneFree,A,D1,6,1,S_21,-,Samp,1,21
"CS650(21,5)",Period,Deep,StoneFree,A,D1,6,1,S_21,uSec,Samp,1,21
"CS650(21,6)",VoltageRatio,Deep,StoneFree,A,D1,6,1,S_21,-,Samp,1,21
"CS650(22,1)",VolumetricWaterContent,Deep,StoneFree,A,D2,6,1,S_22,mm3/mm3,Samp,1,22
"CS650(22,2)",ElectricalConductivity,Deep,StoneFree,A,D2,6,1,S_22,dS/m,Samp,1,22
"CS650(22,3)",Temperature,Deep,StoneFree,A,D2,6,1,S_22,oC,Samp,1,22
"CS650(22,4)",Permittivity,Deep,StoneFree,A,D2,6,1,S_22,-,Samp,1,22
"CS650(22,5)",Period,Deep,StoneFree,A,D2,6,1,S_22,uSec,Samp,1,22
"CS650(22,6)",VoltageRatio,Deep,StoneFree,A,D2,6,1,S_22,-,Samp,1,22
"CS650(23,1)",VolumetricWaterContent,Deep,StoneFree,A,D3,6,1,S_23,mm3/mm3,Samp,1,23
"CS650(23,2)",ElectricalConductivity,Deep,StoneFree,A,D3,6,1,S_23,dS/m,Samp,1,23
"CS650(23,3)",Temperature,Deep,StoneFree,A,D3,6,1,S_23,oC,Samp,1,23
"CS650(23,4)",Permittivity,Deep,StoneFree,A,D3,6,1,S_23,-,Samp,1,23
"CS650(23,5)",Period,Deep,StoneFree,A,D3,6,1,S_23,uSec,Samp,1,23
"CS650(23,6)",VoltageRatio,Deep,StoneFree,A,D3,6,1,S_23,-,Samp,1,23
"CS650(24,1)",VolumetricWaterContent,Deep,StoneFree,A,D4,6,1,S_24,mm3/mm3,Samp,1,24
"CS650(24,2)",ElectricalConductivity,Deep,StoneFree,A,D4,6,1,S_24,dS/m,Samp,1,24
"CS650(24,3)",Temperature,Deep,StoneFree,A,D4,6,1,S_24,oC,Samp,1,24
"CS650(24,4)",Permittivity,Deep,StoneFree,A,D4,6,1,S_24,-,Samp,1,24
"CS650(24,5)",Period,Deep,StoneFree,A,D4,6,1,S_24,uSec,Samp,1,24
"CS650(24,6)",VoltageRatio,Deep,StoneFree,A,D4,6,1,S_24,-,Samp,1,24
"CS650(25,1)",VolumetricWaterContent,Shallow,StoneFree,D,D1,7,2,S_25,mm3/mm3,Samp,2,1
"CS650(25,2)",ElectricalConductivity,Shallow,StoneFree,D,D1,7,2,S_25,dS/m,Samp,2,1
"CS650(25,3)",Temperature,Shallow,StoneFree,D,D1,7,2,S_25,oC,Samp,2,1
"CS650(25,4)",Permittivity,Shallow,StoneFree,D,D1,7,2,S_25,-,Samp,2,1
"CS650(25,5)",Period,Shallow,StoneFree,D,D1,7,2,S_25,uSec,Samp,2,1
"CS650(25,6)",VoltageRatio,Shallow,StoneFree,D,D1,7,2,S_25,-,Samp,2,1
"CS650(26,1)",VolumetricWaterContent,Shallow,StoneFree,D,D2,7,2,S_26,mm3/mm3,Samp,2,2
"CS650(26,2)",ElectricalConductivity,Shallow,StoneFree,D,D2,7,2,S_26,dS/m,Samp,2,2
"CS650(26,3)",Temperature,Shallow,StoneFree,D,D2,7,2,S_26,oC,Samp,2,2
"CS650(26,4)",Permittivity,Shallow,StoneFree,D,D2,7,2,S_26,-,Samp,2,2
"CS650(26,5)",Period,Shallow,StoneFree,D,D2,7,2,S_26,uSec,Samp,2,2
"CS650(26,6)",VoltageRatio,Shallow,StoneFree,D,D2,7,2,S_26,-,Samp,2,2
"CS650(27,1)",VolumetricWaterContent,Shallow,StoneFree,D,D3,7,2,S_27,mm3/mm3,Samp,2,3
"CS650(27,2)",ElectricalConductivity,Shallow,StoneFree,D,D3,7,2,S_27,dS/m,Samp,2,3
"CS650(27,3)",Temperature,Shallow,StoneFree,D,D3,7,2,S_27,oC,Samp,2,3
"CS650(27,4)",Permittivity,Shallow,StoneFree,D,D3,7,2,S_27,-,Samp,2,3
"CS650(27,5)",Period,Shallow,StoneFree,D,D3,7,2,S_27,uSec,Samp,2,3
"CS650(27,6)",VoltageRatio,Shallow,StoneFree,D,D3,7,2,S_27,-,Samp,2,3
"CS650(28,1)",VolumetricWaterContent,Shallow,StoneFree,D,D4,7,2,S_28,mm3/mm3,Samp,2,4
"CS650(28,2)",ElectricalConductivity,Shallow,StoneFree,D,D4,7,2,S_28,dS/m,Samp,2,4
"CS650(28,3)",Temperature,Shallow,StoneFree,D,D4,7,2,S_28,oC,Samp,2,4
"CS650(28,4)",Permittivity,Shallow,StoneFree,D,D4,7,2,S_28,-,Samp,2,4
"CS650(28,5)",Period,Shallow,StoneFree,D,D4,7,2,S_28,uSec,Samp,2,4
"CS650(28,6)",VoltageRatio,Shallow,StoneFree,D,D4,7,2,S_28,-,Samp,2,4
"CS650(29,1)",VolumetricWaterContent,Deep,Stony,B,D1,8,2,S_29,mm3/mm3,Samp,2,5
"CS650(29,2)",ElectricalConductivity,Deep,Stony,B,D1,8,2,S_29,dS/m,Samp,2,5
"CS650(29,3)",Temperature,Deep,Stony,B,D1,8,2,S_29,oC,Samp,2,5
"CS650(29,4)",Permittivity,Deep,Stony,B,D1,8,2,S_29,-,Samp,2,5
"CS650(29,5)",Period,Deep,Stony,B,D1,8,2,S_29,uSec,Samp,2,5
"CS650(29,6)",VoltageRatio,Deep,Stony,B,D1,8,2,S_29,-,Samp,2,5
"CS650(30,1)",VolumetricWaterContent,Deep,Stony,B,D2,8,2,S_30,mm3/mm3,Samp,2,6
"CS650(30,2)",ElectricalConductivity,Deep,Stony,B,D2,8,2,S_30,dS/m,Samp,2,6
"CS650(30,3)",Temperature,Deep,Stony,B,D2,8,2,S_30,oC,Samp,2,6
"CS650(30,4)",Permittivity,Deep,Stony,B,D2,8,2,S_30,-,Samp,2,6
"CS650(30,5)",Period,Deep,Stony,B,D2,8,2,S_30,uSec,Samp,2,6
"CS650(30,6)",VoltageRatio,Deep,Stony,B,D2,8,2,S_30,-,Samp,2,6
"CS650(31,1)",VolumetricWaterContent,Deep,Stony,B,D3,8,2,S_31,mm3/mm3,Samp,2,7
"CS650(31,2)",ElectricalConductivity,Deep,Stony,B,D3,8,2,S_31,dS/m,Samp,2,7
"CS650(31,3)",Temperature,Deep,Stony,B,D3,8,2,S_31,oC,Samp,2,7
"CS650(31,4)",Permittivity,Deep,Stony,B,D3,8,2,S_31,-,Samp,2,7
"CS650(31,5)",Period,Deep,Stony,B,D3,8,2,S_31,uSec,Samp,2,7
"CS650(31,6)",VoltageRatio,Deep,Stony,B,D3,8,2,S_31,-,Samp,2,7
"CS650(32,1)",VolumetricWaterContent,Deep,Stony,B,D4,8,2,S_32,mm3/mm3,Samp,2,8
"CS650(32,2)",ElectricalConductivity,Deep,Stony,B,D4,8,2,S_32,dS/m,Samp,2,8
"CS650(32,3)",Temperature,Deep,Stony,B,D4,8,2,S_32,oC,Samp,2,8
"CS650(32,4)",Permittivity,Deep,Stony,B,D4,8,2,S_32,-,Samp,2,8
"CS650(32,5)",Period,Deep,Stony,B,D4,8,2,S_32,uSec,Samp,2,8
"CS650(32,6)",VoltageRatio,Deep,Stony,B,D4,8,2,S_32,-,Samp,2,8
"CS650(33,1)",VolumetricWaterContent,Shallow,VeryStony,F,D1,9,2,S_33,mm3/mm3,Samp,2,9
"CS650(33,2)",ElectricalConductivity,Shallow,VeryStony,F,D1,9,2,S_33,dS/m,Samp,2,9
"CS650(33,3)",Temperature,Shallow,VeryStony,F,D1,9,2,S_33,oC,Samp,2,9
"CS650(33,4)",Permittivity,Shallow,VeryStony,F,D1,9,2,S_33,-,Samp,2,9
"CS650(33,5)",Period,Shallow,VeryStony,F,D1,9,2,S_33,uSec,Samp,2,9
"CS650(33,6)",VoltageRatio,Shallow,VeryStony,F,D1,9,2,S_33,-,Samp,2,9
"CS650(34,1)",VolumetricWaterContent,Shallow,VeryStony,F,D2,9,2,S_34,mm3/mm3,Samp,2,10
"CS650(34,2)",ElectricalConductivity,Shallow,VeryStony,F,D2,9,2,S_34,dS/m,Samp,2,10
"CS650(34,3)",Temperature,Shallow,VeryStony,F,D2,9,2,S_34,oC,Samp,2,10
"CS650(34,4)",Permittivity,Shallow,VeryStony,F,D2,9,2,S_34,-,Samp,2,10
"CS650(34,5)",Period,Shallow,VeryStony,F,D2,9,2,S_34,uSec,Samp,2,10
"CS650(34,6)",VoltageRatio,Shallow,VeryStony,F,D2,9,2,S_34,-,Samp,2,10
"CS650(35,1)",VolumetricWaterContent,Shallow,VeryStony,F,D3,9,2,S_35,mm3/mm3,Samp,2,11
"CS650(35,2)",ElectricalConductivity,Shallow,VeryStony,F,D3,9,2,S_35,dS/m,Samp,2,11
"CS650(35,3)",Temperature,Shallow,VeryStony,F,D3,9,2,S_35,oC,Samp,2,11
"CS650(35,4)",Permittivity,Shallow,VeryStony,F,D3,9,2,S_35,-,Samp,2,11
"CS650(35,5)",Period,Shallow,VeryStony,F,D3,9,2,S_35,uSec,Samp,2,11
"CS650(35,6)",VoltageRatio,Shallow,VeryStony,F,D3,9,2,S_35,-,Samp,2,11
"CS650(36,1)",VolumetricWaterContent,Shallow,VeryStony,F,D4,9,2,S_36,mm3/mm3,Samp,2,12
"CS650(36,2)",ElectricalConductivity,Shallow,VeryStony,F,D4,9,2,S_36,dS/m,Samp,2,12
"CS650(36,3)",Temperature,Shallow,VeryStony,F,D4,9,2,S_36,oC,Samp,2,12
"CS650(36,4)",Permittivity,Shallow,VeryStony,F,D4,9,2,S_36,-,Samp,2,12
"CS650(36,5)",Period,Shallow,VeryStony,F,D4,9,2,S_36,uSec,Samp,2,12
"CS650(36,6)",VoltageRatio,Shallow,VeryStony,F,D4,9,2,S_36,-,Samp,2,12
"CS650(37,1)",VolumetricWaterContent,Deep,StoneFree,A,D1,10,2,S_37,mm3/mm3,Samp,2,13
"CS650(37,2)",ElectricalConductivity,Deep,StoneFree,A,D1,10,2,S_37,dS/m,Samp,2,13
"CS650(37,3)",Temperature,Deep,StoneFree,A,D1,10,2,S_37,oC,Samp,2,13
"CS650(37,4)",Permittivity,Deep,StoneFree,A,D1,10,2,S_37,-,Samp,2,13
"CS650(37,5)",Period,Deep,StoneFree,A,D1,10,2,S_37,uSec,Samp,2,13
"CS650(37,6)",VoltageRatio,Deep,StoneFree,A,D1,10,2,S_37,-,Samp,2,13
"CS650(38,1)",VolumetricWaterContent,Deep,StoneFree,A,D2,10,2,S_38,mm3/mm3,Samp,2,14
"CS650(38,2)",ElectricalConductivity,Deep,StoneFree,A,D2,10,2,S_38,dS/m,Samp,2,14
"CS650(38,3)",Temperature,Deep,StoneFree,A,D2,10,2,S_38,oC,Samp,2,14
"CS650(38,4)",Permittivity,Deep,StoneFree,A,D2,10,2,S_38,-,Samp,2,14
"CS650(38,5)",Period,Deep,StoneFree,A,D2,10,2,S_38,uSec,Samp,2,14
"CS650(38,6)",VoltageRatio,Deep,StoneFree,A,D2,10,2,S_38,-,Samp,2,14
"CS650(39,1)",VolumetricWaterContent,Deep,StoneFree,A,D3,10,2,S_39,mm3/mm3,Samp,2,15
"CS650(39,2)",ElectricalConductivity,Deep,StoneFree,A,D3,10,2,S_39,dS/m,Samp,2,15
"CS650(39,3)",Temperature,Deep,StoneFree,A,D3,10,2,S_39,oC,Samp,2,15
"CS650(39,4)",Permittivity,Deep,StoneFree,A,D3,10,2,S_39,-,Samp,2,15
"CS650(39,5)",Period,Deep,StoneFree,A,D3,10,2,S_39,uSec,Samp,2,15
"CS650(39,6)",VoltageRatio,Deep,StoneFree,A,D3,10,2,S_39,-,Samp,2,15
"CS650(40,1)",VolumetricWaterContent,Deep,StoneFree,A,D4,10,2,S_40,mm3/mm3,Samp,2,16
"CS650(40,2)",ElectricalConductivity,Deep,StoneFree,A,D4,10,2,S_40,dS/m,Samp,2,16
"CS650(40,3)",Temperature,Deep,StoneFree,A,D4,10,2,S_40,oC,Samp,2,16
"CS650(40,4)",Permittivity,Deep,StoneFree,A,D4,10,2,S_40,-,Samp,2,16
"CS650(40,5)",Period,Deep,StoneFree,A,D4,10,2,S_40,uSec,Samp,2,16
"CS650(40,6)",VoltageRatio,Deep,StoneFree,A,D4,10,2,S_40,-,Samp,2,16
"CS650(41,1)",VolumetricWaterContent,Deep,VeryStony,C,D1,11,2,S_41,mm3/mm3,Samp,2,17
"CS650(41,2)",ElectricalConductivity,Deep,VeryStony,C,D1,11,2,S_41,dS/m,Samp,2,17
"CS650(41,3)",Temperature,Deep,VeryStony,C,D1,11,2,S_41,oC,Samp,2,17
"CS650(41,4)",Permittivity,Deep,VeryStony,C,D1,11,2,S_41,-,Samp,2,17
"CS650(41,5)",Period,Deep,VeryStony,C,D1,11,2,S_41,uSec,Samp,2,17
"CS650(41,6)",VoltageRatio,Deep,VeryStony,C,D1,11,2,S_41,-,Samp,2,17
"CS650(42,1)",VolumetricWaterContent,Deep,VeryStony,C,D2,11,2,S_42,mm3/mm3,Samp,2,18
"CS650(42,2)",ElectricalConductivity,Deep,VeryStony,C,D2,11,2,S_42,dS/m,Samp,2,18
"CS650(42,3)",Temperature,Deep,VeryStony,C,D2,11,2,S_42,oC,Samp,2,18
"CS650(42,4)",Permittivity,Deep,VeryStony,C,D2,11,2,S_42,-,Samp,2,18
"CS650(42,5)",Period,Deep,VeryStony,C,D2,11,2,S_42,uSec,Samp,2,18
"CS650(42,6)",VoltageRatio,Deep,VeryStony,C,D2,11,2,S_42,-,Samp,2,18
"CS650(43,1)",VolumetricWaterContent,Deep,VeryStony,C,D3,11,2,S_43,mm3/mm3,Samp,2,19
"CS650(43,2)",ElectricalConductivity,Deep,VeryStony,C,D3,11,2,S_43,dS/m,Samp,2,19
"CS650(43,3)",Temperature,Deep,VeryStony,C,D3,11,2,S_43,oC,Samp,2,19
"CS650(43,4)",Permittivity,Deep,VeryStony,C,D3,11,2,S_43,-,Samp,2,19
"CS650(43,5)",Period,Deep,VeryStony,C,D3,11,2,S_43,uSec,Samp,2,19
"CS650(43,6)",VoltageRatio,Deep,VeryStony,C,D3,11,2,S_43,-,Samp,2,19
"CS650(44,1)",VolumetricWaterContent,Deep,VeryStony,C,D4,11,2,S_44,mm3/mm3,Samp,2,20
"CS650(44,2)",ElectricalConductivity,Deep,VeryStony,C,D4,11,2,S_44,dS/m,Samp,2,20
"CS650(44,3)",Temperature,Deep,VeryStony,C,D4,11,2,S_44,oC,Samp,2,20
"CS650(44,4)",Permittivity,Deep,VeryStony,C,D4,11,2,S_44,-,Samp,2,20
"CS650(44,5)",Period,Deep,VeryStony,C,D4,11,2,S_44,uSec,Samp,2,20
"CS650(44,6)",VoltageRatio,Deep,VeryStony,C,D4,11,2,S_44,-,Samp,2,20
"CS650(45,1)",VolumetricWaterContent,Shallow,Stony,E,D1,12,2,S_45,mm3/mm3,Samp,2,21
"CS650(45,2)",ElectricalConductivity,Shallow,Stony,E,D1,12,2,S_45,dS/m,Samp,2,21
"CS650(45,3)",Temperature,Shallow,Stony,E,D1,12,2,S_45,oC,Samp,2,21
"CS650(45,4)",Permittivity,Shallow,Stony,E,D1,12,2,S_45,-,Samp,2,21
"CS650(45,5)",Period,Shallow,Stony,E,D1,12,2,S_45,uSec,Samp,2,21
"CS650(45,6)",VoltageRatio,Shallow,Stony,E,D1,12,2,S_45,-,Samp,2,21
"CS650(46,1)",VolumetricWaterContent,Shallow,Stony,E,D2,12,2,S_46,mm3/mm3,Samp,2,22
"CS650(46,2)",ElectricalConductivity,Shallow,Stony,E,D2,12,2,S_46,dS/m,Samp,2,22
"CS650(46,3)",Temperature,Shallow,Stony,E,D2,12,2,S_46,oC,Samp,2,22
"CS650(46,4)",Permittivity,Shallow,Stony,E,D2,12,2,S_46,-,Samp,2,22
"CS650(46,5)",Period,Shallow,Stony,E,D2,12,2,S_46,uSec,Samp,2,22
"CS650(46,6)",VoltageRatio,Shallow,Stony,E,D2,12,2,S_46,-,Samp,2,22
"CS650(47,1)",VolumetricWaterContent,Shallow,Stony,E,D3,12,2,S_47,mm3/mm3,Samp,2,23
"CS650(47,2)",ElectricalConductivity,Shallow,Stony,E,D3,12,2,S_47,dS/m,Samp,2,23
"CS650(47,3)",Temperature,Shallow,Stony,E,D3,12,2,S_47,oC,Samp,2,23
"CS650(47,4)",Permittivity,Shallow,Stony,E,D3,12,2,S_47,-,Samp,2,23
"CS650(47,5)",Period,Shallow,Stony,E,D3,12,2,S_47,uSec,Samp,2,23
"CS650(47,6)",VoltageRatio,Shallow,Stony,E,D3,12,2,S_47,-,Samp,2,23
"CS650(48,1)",VolumetricWaterContent,Shallow,Stony,E,D4,12,2,S_48,mm3/mm3,Samp,2,24
"CS650(48,2)",ElectricalConductivity,Shallow,Stony,E,D4,12,2,S_48,dS/m,Samp,2,24
"CS650(48,3)",Temperature,Shallow,Stony,E,D4,12,2,S_48,oC,Samp,2,24
"CS650(48,4)",Permittivity,Shallow,Stony,E,D4,12,2,S_48,-,Samp,2,24
"CS650(48,5)",Period,Shallow,Stony,E,D4,12,2,S_48,uSec,Samp,2,24
"CS650(48,6)",VoltageRatio,Shallow,Stony,E,D4,12,2,S_48,-,Samp,2,24
"CS650(49,1)",VolumetricWaterContent,Deep,Stony,B,D1,13,3,S_49,mm3/mm3,Samp,3,1
"CS650(49,2)",ElectricalConductivity,Deep,Stony,B,D1,13,3,S_49,dS/m,Samp,3,1
"CS650(49,3)",Temperature,Deep,Stony,B,D1,13,3,S_49,oC,Samp,3,1
"CS650(49,4)",Permittivity,Deep,Stony,B,D1,13,3,S_49,-,Samp,3,1
"CS650(49,5)",Period,Deep,Stony,B,D1,13,3,S_49,uSec,Samp,3,1
"CS650(49,6)",VoltageRatio,Deep,Stony,B,D1,13,3,S_49,-,Samp,3,1
"CS650(50,1)",VolumetricWaterContent,Deep,Stony,B,D2,13,3,S_50,mm3/mm3,Samp,3,2
"CS650(50,2)",ElectricalConductivity,Deep,Stony,B,D2,13,3,S_50,dS/m,Samp,3,2
"CS650(50,3)",Temperature,Deep,Stony,B,D2,13,3,S_50,oC,Samp,3,2
"CS650(50,4)",Permittivity,Deep,Stony,B,D2,13,3,S_50,-,Samp,3,2
"CS650(50,5)",Period,Deep,Stony,B,D2,13,3,S_50,uSec,Samp,3,2
"CS650(50,6)",VoltageRatio,Deep,Stony,B,D2,13,3,S_50,-,Samp,3,2
"CS650(51,1)",VolumetricWaterContent,Deep,Stony,B,D3,13,3,S_51,mm3/mm3,Samp,3,3
"CS650(51,2)",ElectricalConductivity,Deep,Stony,B,D3,13,3,S_51,dS/m,Samp,3,3
"CS650(51,3)",Temperature,Deep,Stony,B,D3,13,3,S_51,oC,Samp,3,3
"CS650(51,4)",Permittivity,Deep,Stony,B,D3,13,3,S_51,-,Samp,3,3
"CS650(51,5)",Period,Deep,Stony,B,D3,13,3,S_51,uSec,Samp,3,3
"CS650(51,6)",VoltageRatio,Deep,Stony,B,D3,13,3,S_51,-,Samp,3,3
"CS650(52,1)",VolumetricWaterContent,Deep,Stony,B,D4,13,3,S_52,mm3/mm3,Samp,3,4
"CS650(52,2)",ElectricalConductivity,Deep,Stony,B,D4,13,3,S_52,dS/m,Samp,3,4
"CS650(52,3)",Temperature,Deep,Stony,B,D4,13,3,S_52,oC,Samp,3,4
"CS650(52,4)",Permittivity,Deep,Stony,B,D4,13,3,S_52,-,Samp,3,4
"CS650(52,5)",Period,Deep,Stony,B,D4,13,3,S_52,uSec,Samp,3,4
"CS650(52,6)",VoltageRatio,Deep,Stony,B,D4,13,3,S_52,-,Samp,3,4
"CS650(53,1)",VolumetricWaterContent,Shallow,StoneFree,D,D1,14,3,S_53,mm3/mm3,Samp,3,5
"CS650(53,2)",ElectricalConductivity,Shallow,StoneFree,D,D1,14,3,S_53,dS/m,Samp,3,5
"CS650(53,3)",Temperature,Shallow,StoneFree,D,D1,14,3,S_53,oC,Samp,3,5
"CS650(53,4)",Permittivity,Shallow,StoneFree,D,D1,14,3,S_53,-,Samp,3,5
"CS650(53,5)",Period,Shallow,StoneFree,D,D1,14,3,S_53,uSec,Samp,3,5
"CS650(53,6)",VoltageRatio,Shallow,StoneFree,D,D1,14,3,S_53,-,Samp,3,5
"CS650(54,1)",VolumetricWaterContent,Shallow,StoneFree,D,D2,14,3,S_54,mm3/mm3,Samp,3,6
"CS650(54,2)",ElectricalConductivity,Shallow,StoneFree,D,D2,14,3,S_54,dS/m,Samp,3,6
"CS650(54,3)",Temperature,Shallow,StoneFree,D,D2,14,3,S_54,oC,Samp,3,6
"CS650(54,4)",Permittivity,Shallow,StoneFree,D,D2,14,3,S_54,-,Samp,3,6
"CS650(54,5)",Period,Shallow,StoneFree,D,D2,14,3,S_54,uSec,Samp,3,6
"CS650(54,6)",VoltageRatio,Shallow,StoneFree,D,D2,14,3,S_54,-,Samp,3,6
"CS650(55,1)",VolumetricWaterContent,Shallow,StoneFree,D,D3,14,3,S_55,mm3/mm3,Samp,3,7
"CS650(55,2)",ElectricalConductivity,Shallow,StoneFree,D,D3,14,3,S_55,dS/m,Samp,3,7
"CS650(55,3)",Temperature,Shallow,StoneFree,D,D3,14,3,S_55,oC,Samp,3,7
"CS650(55,4)",Permittivity,Shallow,StoneFree,D,D3,14,3,S_55,-,Samp,3,7
"CS650(55,5)",Period,Shallow,StoneFree,D,D3,14,3,S_55,uSec,Samp,3,7
"CS650(55,6)",VoltageRatio,Shallow,StoneFree,D,D3,14,3,S_55,-,Samp,3,7
"CS650(56,1)",VolumetricWaterContent,Shallow,StoneFree,D,D4,14,3,S_56,mm3/mm3,Samp,3,8
"CS650(56,2)",ElectricalConductivity,Shallow,StoneFree,D,D4,14,3,S_56,dS/m,Samp,3,8
"CS650(56,3)",Temperature,Shallow,StoneFree,D,D4,14,3,S_56,oC,Samp,3,8
"CS650(56,4)",Permittivity,Shallow,StoneFree,D,D4,14,3,S_56,-,Samp,3,8
"CS650(56,5)",Period,Shallow,StoneFree,D,D4,14,3,S_56,uSec,Samp,3,8
"CS650(56,6)",VoltageRatio,Shallow,StoneFree,D,D4,14,3,S_56,-,Samp,3,8
"CS650(57,1)",VolumetricWaterContent,Deep,VeryStony,C,D1,15,3,S_57,mm3/mm3,Samp,3,9
"CS650(57,2)",ElectricalConductivity,Deep,VeryStony,C,D1,15,3,S_57,dS/m,Samp,3,9
"CS650(57,3)",Temperature,Deep,VeryStony,C,D1,15,3,S_57,oC,Samp,3,9
"CS650(57,4)",Permittivity,Deep,VeryStony,C,D1,15,3,S_57,-,Samp,3,9
"CS650(57,5)",Period,Deep,VeryStony,C,D1,15,3,S_57,uSec,Samp,3,9
"CS650(57,6)",VoltageRatio,Deep,VeryStony,C,D1,15,3,S_57,-,Samp,3,9
"CS650(58,1)",VolumetricWaterContent,Deep,VeryStony,C,D2,15,3,S_58,mm3/mm3,Samp,3,10
"CS650(58,2)",ElectricalConductivity,Deep,VeryStony,C,D2,15,3,S_58,dS/m,Samp,3,10
"CS650(58,3)",Temperature,Deep,VeryStony,C,D2,15,3,S_58,oC,Samp,3,10
"CS650(58,4)",Permittivity,Deep,VeryStony,C,D2,15,3,S_58,-,Samp,3,10
"CS650(58,5)",Period,Deep,VeryStony,C,D2,15,3,S_58,uSec,Samp,3,10
"CS650(58,6)",VoltageRatio,Deep,VeryStony,C,D2,15,3,S_58,-,Samp,3,10
"CS650(59,1)",VolumetricWaterContent,Deep,VeryStony,C,D3,15,3,S_59,mm3/mm3,Samp,3,11
"CS650(59,2)",ElectricalConductivity,Deep,VeryStony,C,D3,15,3,S_59,dS/m,Samp,3,11
"CS650(59,3)",Temperature,Deep,VeryStony,C,D3,15,3,S_59,oC,Samp,3,11
"CS650(59,4)",Permittivity,Deep,VeryStony,C,D3,15,3,S_59,-,Samp,3,11
"CS650(59,5)",Period,Deep,VeryStony,C,D3,15,3,S_59,uSec,Samp,3,11
"CS650(59,6)",VoltageRatio,Deep,VeryStony,C,D3,15,3,S_59,-,Samp,3,11
"CS650(60,1)",VolumetricWaterContent,Deep,VeryStony,C,D4,15,3,S_60,mm3/mm3,Samp,3,12
"CS650(60,2)",ElectricalConductivity,Deep,VeryStony,C,D4,15,3,S_60,dS/m,Samp,3,12
"CS650(60,3)",Temperature,Deep,VeryStony,C,D4,15,3,S_60,oC,Samp,3,12
"CS650(60,4)",Permittivity,Deep,VeryStony,C,D4,15,3,S_60,-,Samp,3,12
"CS650(60,5)",Period,Deep,VeryStony,C,D4,15,3,S_60,uSec,Samp,3,12
"CS650(60,6)",VoltageRatio,Deep,VeryStony,C,D4,15,3,S_60,-,Samp,3,12
"CS650(61,1)",VolumetricWaterContent,Deep,StoneFree,A,D1,16,3,S_61,mm3/mm3,Samp,3,13
"CS650(61,2)",ElectricalConductivity,Deep,StoneFree,A,D1,16,3,S_61,dS/m,Samp,3,13
"CS650(61,3)",Temperature,Deep,StoneFree,A,D1,16,3,S_61,oC,Samp,3,13
"CS650(61,4)",Permittivity,Deep,StoneFree,A,D1,16,3,S_61,-,Samp,3,13
"CS650(61,5)",Period,Deep,StoneFree,A,D1,16,3,S_61,uSec,Samp,3,13
"CS650(61,6)",VoltageRatio,Deep,StoneFree,A,D1,16,3,S_61,-,Samp,3,13
"CS650(62,1)",VolumetricWaterContent,Deep,StoneFree,A,D2,16,3,S_62,mm3/mm3,Samp,3,14
"CS650(62,2)",ElectricalConductivity,Deep,StoneFree,A,D2,16,3,S_62,dS/m,Samp,3,14
"CS650(62,3)",Temperature,Deep,StoneFree,A,D2,16,3,S_62,oC,Samp,3,14
"CS650(62,4)",Permittivity,Deep,StoneFree,A,D2,16,3,S_62,-,Samp,3,14
"CS650(62,5)",Period,Deep,StoneFree,A,D2,16,3,S_62,uSec,Samp,3,14
"CS650(62,6)",VoltageRatio,Deep,StoneFree,A,D2,16,3,S_62,-,Samp,3,14
"CS650(63,1)",VolumetricWaterContent,Deep,StoneFree,A,D3,16,3,S_63,mm3/mm3,Samp,3,15
"CS650(63,2)",ElectricalConductivity,Deep,StoneFree,A,D3,16,3,S_63,dS/m,Samp,3,15
"CS650(63,3)",Temperature,Deep,StoneFree,A,D3,16,3,S_63,oC,Samp,3,15
"CS650(63,4)",Permittivity,Deep,StoneFree,A,D3,16,3,S_63,-,Samp,3,15
"CS650(63,5)",Period,Deep,StoneFree,A,D3,16,3,S_63,uSec,Samp,3,15
"CS650(63,6)",VoltageRatio,Deep,StoneFree,A,D3,16,3,S_63,-,Samp,3,15
"CS650(64,1)",VolumetricWaterContent,Deep,StoneFree,A,D4,16,3,S_64,mm3/mm3,Samp,3,16
"CS650(64,2)",ElectricalConductivity,Deep,StoneFree,A,D4,16,3,S_64,dS/m,Samp,3,16
"CS650(64,3)",Temperature,Deep,StoneFree,A,D4,16,3,S_64,oC,Samp,3,16
"CS650(64,4)",Permittivity,Deep,StoneFree,A,D4,16,3,S_64,-,Samp,3,16
"CS650(64,5)",Period,Deep,StoneFree,A,D4,16,3,S_64,uSec,Samp,3,16
"CS650(64,6)",VoltageRatio,Deep,StoneFree,A,D4,16,3,S_64,-,Samp,3,16
"CS650(65,1)",VolumetricWaterContent,Shallow,Stony,E,D1,17,3,S_65,mm3/mm3,Samp,3,17
"CS650(65,2)",ElectricalConductivity,Shallow,Stony,E,D1,17,3,S_65,dS/m,Samp,3,17
"CS650(65,3)",Temperature,Shallow,Stony,E,D1,17,3,S_65,oC,Samp,3,17
"CS650(65,4)",Permittivity,Shallow,Stony,E,D1,17,3,S_65,-,Samp,3,17
"CS650(65,5)",Period,Shallow,Stony,E,D1,17,3,S_65,uSec,Samp,3,17
"CS650(65,6)",VoltageRatio,Shallow,Stony,E,D1,17,3,S_65,-,Samp,3,17
"CS650(66,1)",VolumetricWaterContent,Shallow,Stony,E,D2,17,3,S_66,mm3/mm3,Samp,3,18
"CS650(66,2)",ElectricalConductivity,Shallow,Stony,E,D2,17,3,S_66,dS/m,Samp,3,18
"CS650(66,3)",Temperature,Shallow,Stony,E,D2,17,3,S_66,oC,Samp,3,18
"CS650(66,4)",Permittivity,Shallow,Stony,E,D2,17,3,S_66,-,Samp,3,18
"CS650(66,5)",Period,Shallow,Stony,E,D2,17,3,S_66,uSec,Samp,3,18
"CS650(66,6)",VoltageRatio,Shallow,Stony,E,D2,17,3,S_66,-,Samp,3,18
"CS650(67,1)",VolumetricWaterContent,Shallow,Stony,E,D3,17,3,S_67,mm3/mm3,Samp,3,19
"CS650(67,2)",ElectricalConductivity,Shallow,Stony,E,D3,17,3,S_67,dS/m,Samp,3,19
"CS650(67,3)",Temperature,Shallow,Stony,E,D3,17,3,S_67,oC,Samp,3,19
"CS650(67,4)",Permittivity,Shallow,Stony,E,D3,17,3,S_67,-,Samp,3,19
"CS650(67,5)",Period,Shallow,Stony,E,D3,17,3,S_67,uSec,Samp,3,19
"CS650(67,6)",VoltageRatio,Shallow,Stony,E,D3,17,3,S_67,-,Samp,3,19
"CS650(68,1)",VolumetricWaterContent,Shallow,Stony,E,D4,17,3,S_68,mm3/mm3,Samp,3,20
"CS650(68,2)",ElectricalConductivity,Shallow,Stony,E,D4,17,3,S_68,dS/m,Samp,3,20
"CS650(68,3)",Temperature,Shallow,Stony,E,D4,17,3,S_68,oC,Samp,3,20
"CS650(68,4)",Permittivity,Shallow,Stony,E,D4,17,3,S_68,-,Samp,3,20
"CS650(68,5)",Period,Shallow,Stony,E,D4,17,3,S_68,uSec,Samp,3,20
"CS650(68,6)",VoltageRatio,Shallow,Stony,E,D4,17,3,S_68,-,Samp,3,20
"CS650(69,1)",VolumetricWaterContent,Shallow,VeryStony,F,D1,18,3,S_69,mm3/mm3,Samp,3,21
"CS650(69,2)",ElectricalConductivity,Shallow,VeryStony,F,D1,18,3,S_69,dS/m,Samp,3,21
"CS650(69,3)",Temperature,Shallow,VeryStony,F,D1,18,3,S_69,oC,Samp,3,21
"CS650(69,4)",Permittivity,Shallow,VeryStony,F,D1,18,3,S_69,-,Samp,3,21
"CS650(69,5)",Period,Shallow,VeryStony,F,D1,18,3,S_69,uSec,Samp,3,21
"CS650(69,6)",VoltageRatio,Shallow,VeryStony,F,D1,18,3,S_69,-,Samp,3,21
"CS650(70,1)",VolumetricWaterContent,Shallow,VeryStony,F,D2,18,3,S_70,mm3/mm3,Samp,3,22
"CS650(70,2)",ElectricalConductivity,Shallow,VeryStony,F,D2,18,3,S_70,dS/m,Samp,3,22
"CS650(70,3)",Temperature,Shallow,VeryStony,F,D2,18,3,S_70,oC,Samp,3,22
"CS650(70,4)",Permittivity,Shallow,VeryStony,F,D2,18,3,S_70,-,Samp,3,22
"CS650(70,5)",Period,Shallow,VeryStony,F,D2,18,3,S_70,uSec,Samp,3,22
"CS650(70,6)",VoltageRatio,Shallow,VeryStony,F,D2,18,3,S_70,-,Samp,3,22
"CS650(71,1)",VolumetricWaterContent,Shallow,VeryStony,F,D3,18,3,S_71,mm3/mm3,Samp,3,23
"CS650(71,2)",ElectricalConductivity,Shallow,VeryStony,F,D3,18,3,S_71,dS/m,Samp,3,23
"CS650(71,3)",Temperature,Shallow,VeryStony,F,D3,18,3,S_71,oC,Samp,3,23
"CS650(71,4)",Permittivity,Shallow,VeryStony,F,D3,18,3,S_71,-,Samp,3,23
"CS650(71,5)",Period,Shallow,VeryStony,F,D3,18,3,S_71,uSec,Samp,3,23
"CS650(71,6)",VoltageRatio,Shallow,VeryStony,F,D3,18,3,S_71,-,Samp,3,23
"CS650(72,1)",VolumetricWaterContent,Shallow,VeryStony,F,D4,18,3,S_72,mm3/mm3,Samp,3,24
"CS650(72,2)",ElectricalConductivity,Shallow,VeryStony,F,D4,18,3,S_72,dS/m,Samp,3,24
"CS650(72,3)",Temperature,Shallow,VeryStony,F,D4,18,3,S_72,oC,Samp,3,24
"CS650(72,4)",Permittivity,Shallow,VeryStony,F,D4,18,3,S_72,-,Samp,3,24
"CS650(72,5)",Period,Shallow,VeryStony,F,D4,18,3,S_72,uSec,Samp,3,24
"CS650(72,6)",VoltageRatio,Shallow,VeryStony,F,D4,18,3,S_72,-,Samp,3,24
"CS650(73,1)",VolumetricWaterContent,Deep,Stony,B,D1,19,4,S_73,mm3/mm3,Samp,4,1
"CS650(73,2)",ElectricalConductivity,Deep,Stony,B,D1,19,4,S_73,dS/m,Samp,4,1
"CS650(73,3)",Temperature,Deep,Stony,B,D1,19,4,S_73,oC,Samp,4,1
"CS650(73,4)",Permittivity,Deep,Stony,B,D1,19,4,S_73,-,Samp,4,1
"CS650(73,5)",Period,Deep,Stony,B,D1,19,4,S_73,uSec,Samp,4,1
"CS650(73,6)",VoltageRatio,Deep,Stony,B,D1,19,4,S_73,-,Samp,4,1
"CS650(74,1)",VolumetricWaterContent,Deep,Stony,B,D2,19,4,S_74,mm3/mm3,Samp,4,2
"CS650(74,2)",ElectricalConductivity,Deep,Stony,B,D2,19,4,S_74,dS/m,Samp,4,2
"CS650(74,3)",Temperature,Deep,Stony,B,D2,19,4,S_74,oC,Samp,4,2
"CS650(74,4)",Permittivity,Deep,Stony,B,D2,19,4,S_74,-,Samp,4,2
"CS650(74,5)",Period,Deep,Stony,B,D2,19,4,S_74,uSec,Samp,4,2
"CS650(74,6)",VoltageRatio,Deep,Stony,B,D2,19,4,S_74,-,Samp,4,2
"CS650(75,1)",VolumetricWaterContent,Deep,Stony,B,D3,19,4,S_75,mm3/mm3,Samp,4,3
"CS650(75,2)",ElectricalConductivity,Deep,Stony,B,D3,19,4,S_75,dS/m,Samp,4,3
"CS650(75,3)",Temperature,Deep,Stony,B,D3,19,4,S_75,oC,Samp,4,3
"CS650(75,4)",Permittivity,Deep,Stony,B,D3,19,4,S_75,-,Samp,4,3
"CS650(75,5)",Period,Deep,Stony,B,D3,19,4,S_75,uSec,Samp,4,3
"CS650(75,6)",VoltageRatio,Deep,Stony,B,D3,19,4,S_75,-,Samp,4,3
"CS650(76,1)",VolumetricWaterContent,Deep,Stony,B,D4,19,4,S_76,mm3/mm3,Samp,4,4
"CS650(76,2)",ElectricalConductivity,Deep,Stony,B,D4,19,4,S_76,dS/m,Samp,4,4
"CS650(76,3)",Temperature,Deep,Stony,B,D4,19,4,S_76,oC,Samp,4,4
"CS650(76,4)",Permittivity,Deep,Stony,B,D4,19,4,S_76,-,Samp,4,4
"CS650(76,5)",Period,Deep,Stony,B,D4,19,4,S_76,uSec,Samp,4,4
"CS650(76,6)",VoltageRatio,Deep,Stony,B,D4,19,4,S_76,-,Samp,4,4
"CS650(77,1)",VolumetricWaterContent,Shallow,StoneFree,D,D1,20,4,S_77,mm3/mm3,Samp,4,5
"CS650(77,2)",ElectricalConductivity,Shallow,StoneFree,D,D1,20,4,S_77,dS/m,Samp,4,5
"CS650(77,3)",Temperature,Shallow,StoneFree,D,D1,20,4,S_77,oC,Samp,4,5
"CS650(77,4)",Permittivity,Shallow,StoneFree,D,D1,20,4,S_77,-,Samp,4,5
"CS650(77,5)",Period,Shallow,StoneFree,D,D1,20,4,S_77,uSec,Samp,4,5
"CS650(77,6)",VoltageRatio,Shallow,StoneFree,D,D1,20,4,S_77,-,Samp,4,5
"CS650(78,1)",VolumetricWaterContent,Shallow,StoneFree,D,D2,20,4,S_78,mm3/mm3,Samp,4,6
"CS650(78,2)",ElectricalConductivity,Shallow,StoneFree,D,D2,20,4,S_78,dS/m,Samp,4,6
"CS650(78,3)",Temperature,Shallow,StoneFree,D,D2,20,4,S_78,oC,Samp,4,6
"CS650(78,4)",Permittivity,Shallow,StoneFree,D,D2,20,4,S_78,-,Samp,4,6
"CS650(78,5)",Period,Shallow,StoneFree,D,D2,20,4,S_78,uSec,Samp,4,6
"CS650(78,6)",VoltageRatio,Shallow,StoneFree,D,D2,20,4,S_78,-,Samp,4,6
"CS650(79,1)",VolumetricWaterContent,Shallow,StoneFree,D,D3,20,4,S_79,mm3/mm3,Samp,4,7
"CS650(79,2)",ElectricalConductivity,Shallow,StoneFree,D,D3,20,4,S_79,dS/m,Samp,4,7
"CS650(79,3)",Temperature,Shallow,StoneFree,D,D3,20,4,S_79,oC,Samp,4,7
"CS650(79,4)",Permittivity,Shallow,StoneFree,D,D3,20,4,S_79,-,Samp,4,7
"CS650(79,5)",Period,Shallow,StoneFree,D,D3,20,4,S_79,uSec,Samp,4,7
"CS650(79,6)",VoltageRatio,Shallow,StoneFree,D,D3,20,4,S_79,-,Samp,4,7
"CS650(80,1)",VolumetricWaterContent,Shallow,StoneFree,D,D4,20,4,S_80,mm3/mm3,Samp,4,8
"CS650(80,2)",ElectricalConductivity,Shallow,StoneFree,D,D4,20,4,S_80,dS/m,Samp,4,8
"CS650(80,3)",Temperature,Shallow,StoneFree,D,D4,20,4,S_80,oC,Samp,4,8
"CS650(80,4)",Permittivity,Shallow,StoneFree,D,D4,20,4,S_80,-,Samp,4,8
"CS650(80,5)",Period,Shallow,StoneFree,D,D4,20,4,S_80,uSec,Samp,4,8
"CS650(80,6)",VoltageRatio,Shallow,StoneFree,D,D4,20,4,S_80,-,Samp,4,8
"CS650(81,1)",VolumetricWaterContent,Shallow,VeryStony,F,D1,21,4,S_81,mm3/mm3,Samp,4,9
"CS650(81,2)",ElectricalConductivity,Shallow,VeryStony,F,D1,21,4,S_81,dS/m,Samp,4,9
"CS650(81,3)",Temperature,Shallow,VeryStony,F,D1,21,4,S_81,oC,Samp,4,9
"CS650(81,4)",Permittivity,Shallow,VeryStony,F,D1,21,4,S_81,-,Samp,4,9
"CS650(81,5)",Period,Shallow,VeryStony,F,D1,21,4,S_81,uSec,Samp,4,9
"CS650(81,6)",VoltageRatio,Shallow,VeryStony,F,D1,21,4,S_81,-,Samp,4,9
"CS650(82,1)",VolumetricWaterContent,Shallow,VeryStony,F,D2,21,4,S_82,mm3/mm3,Samp,4,10
"CS650(82,2)",ElectricalConductivity,Shallow,VeryStony,F,D2,21,4,S_82,dS/m,Samp,4,10
"CS650(82,3)",Temperature,Shallow,VeryStony,F,D2,21,4,S_82,oC,Samp,4,10
"CS650(82,4)",Permittivity,Shallow,VeryStony,F,D2,21,4,S_82,-,Samp,4,10
"CS650(82,5)",Period,Shallow,VeryStony,F,D2,21,4,S_82,uSec,Samp,4,10
"CS650(82,6)",VoltageRatio,Shallow,VeryStony,F,D2,21,4,S_82,-,Samp,4,10
"CS650(83,1)",VolumetricWaterContent,Shallow,VeryStony,F,D3,21,4,S_83,mm3/mm3,Samp,4,11
"CS650(83,2)",ElectricalConductivity,Shallow,VeryStony,F,D3,21,4,S_83,dS/m,Samp,4,11
"CS650(83,3)",Temperature,Shallow,VeryStony,F,D3,21,4,S_83,oC,Samp,4,11
"CS650(83,4)",Permittivity,Shallow,VeryStony,F,D3,21,4,S_83,-,Samp,4,11
"CS650(83,5)",Period,Shallow,VeryStony,F,D3,21,4,S_83,uSec,Samp,4,11
"CS650(83,6)",VoltageRatio,Shallow,VeryStony,F,D3,21,4,S_83,-,Samp,4,11
"CS650(84,1)",VolumetricWaterContent,Shallow,VeryStony,F,D4,21,4,S_84,mm3/mm3,Samp,4,12
"CS650(84,2)",ElectricalConductivity,Shallow,VeryStony,F,D4,21,4,S_84,dS/m,Samp,4,12
"CS650(84,3)",Temperature,Shallow,VeryStony,F,D4,21,4,S_84,oC,Samp,4,12
"CS650(84,4)",Permittivity,Shallow,VeryStony,F,D4,21,4,S_84,-,Samp,4,12
"CS650(84,5)",Period,Shallow,VeryStony,F,D4,21,4,S_84,uSec,Samp,4,12
"CS650(84,6)",VoltageRatio,Shallow,VeryStony,F,D4,21,4,S_84,-,Samp,4,12
"CS650(85,1)",VolumetricWaterContent,Shallow,Stony,E,D1,22,4,S_85,mm3/mm3,Samp,4,13
"CS650(85,2)",ElectricalConductivity,Shallow,Stony,E,D1,22,4,S_85,dS/m,Samp,4,13
"CS650(85,3)",Temperature,Shallow,Stony,E,D1,22,4,S_85,oC,Samp,4,13
"CS650(85,4)",Permittivity,Shallow,Stony,E,D1,22,4,S_85,-,Samp,4,13
"CS650(85,5)",Period,Shallow,Stony,E,D1,22,4,S_85,uSec,Samp,4,13
"CS650(85,6)",VoltageRatio,Shallow,Stony,E,D1,22,4,S_85,-,Samp,4,13
"CS650(86,1)",VolumetricWaterContent,Shallow,Stony,E,D2,22,4,S_86,mm3/mm3,Samp,4,14
"CS650(86,2)",ElectricalConductivity,Shallow,Stony,E,D2,22,4,S_86,dS/m,Samp,4,14
"CS650(86,3)",Temperature,Shallow,Stony,E,D2,22,4,S_86,oC,Samp,4,14
"CS650(86,4)",Permittivity,Shallow,Stony,E,D2,22,4,S_86,-,Samp,4,14
"CS650(86,5)",Period,Shallow,Stony,E,D2,22,4,S_86,uSec,Samp,4,14
"CS650(86,6)",VoltageRatio,Shallow,Stony,E,D2,22,4,S_86,-,Samp,4,14
"CS650(87,1)",VolumetricWaterContent,Shallow,Stony,E,D3,22,4,S_87,mm3/mm3,Samp,4,15
"CS650(87,2)",ElectricalConductivity,Shallow,Stony,E,D3,22,4,S_87,dS/m,Samp,4,15
"CS650(87,3)",Temperature,Shallow,Stony,E,D3,22,4,S_87,oC,Samp,4,15
"CS650(87,4)",Permittivity,Shallow,Stony,E,D3,22,4,S_87,-,Samp,4,15
"CS650(87,5)",Period,Shallow,Stony,E,D3,22,4,S_87,uSec,Samp,4,15
"CS650(87,6)",VoltageRatio,Shallow,Stony,E,D3,22,4,S_87,-,Samp,4,15
"CS650(88,1)",VolumetricWaterContent,Shallow,Stony,E,D4,22,4,S_88,mm3/mm3,Samp,4,16
"CS650(88,2)",ElectricalConductivity,Shallow,Stony,E,D4,22,4,S_88,dS/m,Samp,4,16
"CS650(88,3)",Temperature,Shallow,Stony,E,D4,22,4,S_88,oC,Samp,4,16
"CS650(88,4)",Permittivity,Shallow,Stony,E,D4,22,4,S_88,-,Samp,4,16
"CS650(88,5)",Period,Shallow,Stony,E,D4,22,4,S_88,uSec,Samp,4,16
"CS650(88,6)",VoltageRatio,Shallow,Stony,E,D4,22,4,S_88,-,Samp,4,16
"CS650(89,1)",VolumetricWaterContent,Deep,StoneFree,A,D1,23,4,S_89,mm3/mm3,Samp,4,17
"CS650(89,2)",ElectricalConductivity,Deep,StoneFree,A,D1,23,4,S_89,dS/m,Samp,4,17
"CS650(89,3)",Temperature,Deep,StoneFree,A,D1,23,4,S_89,oC,Samp,4,17
"CS650(89,4)",Permittivity,Deep,StoneFree,A,D1,23,4,S_89,-,Samp,4,17
"CS650(89,5)",Period,Deep,StoneFree,A,D1,23,4,S_89,uSec,Samp,4,17
"CS650(89,6)",VoltageRatio,Deep,StoneFree,A,D1,23,4,S_89,-,Samp,4,17
"CS650(90,1)",VolumetricWaterContent,Deep,StoneFree,A,D2,23,4,S_90,mm3/mm3,Samp,4,18
"CS650(90,2)",ElectricalConductivity,Deep,StoneFree,A,D2,23,4,S_90,dS/m,Samp,4,18
"CS650(90,3)",Temperature,Deep,StoneFree,A,D2,23,4,S_90,oC,Samp,4,18
"CS650(90,4)",Permittivity,Deep,StoneFree,A,D2,23,4,S_90,-,Samp,4,18
"CS650(90,5)",Period,Deep,StoneFree,A,D2,23,4,S_90,uSec,Samp,4,18
"CS650(90,6)",VoltageRatio,Deep,StoneFree,A,D2,23,4,S_90,-,Samp,4,18
"CS650(91,1)",VolumetricWaterContent,Deep,StoneFree,A,D3,23,4,S_91,mm3/mm3,Samp,4,19
"CS650(91,2)",ElectricalConductivity,Deep,StoneFree,A,D3,23,4,S_91,dS/m,Samp,4,19
"CS650(91,3)",Temperature,Deep,StoneFree,A,D3,23,4,S_91,oC,Samp,4,19
"CS650(91,4)",Permittivity,Deep,StoneFree,A,D3,23,4,S_91,-,Samp,4,19
"CS650(91,5)",Period,Deep,StoneFree,A,D3,23,4,S_91,uSec,Samp,4,19
"CS650(91,6)",VoltageRatio,Deep,StoneFree,A,D3,23,4,S_91,-,Samp,4,19
"CS650(92,1)",VolumetricWaterContent,Deep,StoneFree,A,D4,23,4,S_92,mm3/mm3,Samp,4,20
"CS650(92,2)",ElectricalConductivity,Deep,StoneFree,A,D4,23,4,S_92,dS/m,Samp,4,20
"CS650(92,3)",Temperature,Deep,StoneFree,A,D4,23,4,S_92,oC,Samp,4,20
"CS650(92,4)",Permittivity,Deep,StoneFree,A,D4,23,4,S_92,-,Samp,4,20
"CS650(92,5)",Period,Deep,StoneFree,A,D4,23,4,S_92,uSec,Samp,4,20
"CS650(92,6)",VoltageRatio,Deep,StoneFree,A,D4,23,4,S_92,-,Samp,4,20
"CS650(93,1)",VolumetricWaterContent,Deep,VeryStony,C,D1,24,4,S_93,mm3/mm3,Samp,4,21
"CS650(93,2)",ElectricalConductivity,Deep,VeryStony,C,D1,24,4,S_93,dS/m,Samp,4,21
"CS650(93,3)",Temperature,Deep,VeryStony,C,D1,24,4,S_93,oC,Samp,4,21
"CS650(93,4)",Permittivity,Deep,VeryStony,C,D1,24,4,S_93,-,Samp,4,21
"CS650(93,5)",Period,Deep,VeryStony,C,D1,24,4,S_93,uSec,Samp,4,21
"CS650(93,6)",VoltageRatio,Deep,VeryStony,C,D1,24,4,S_93,-,Samp,4,21
"CS650(94,1)",VolumetricWaterContent,Deep,VeryStony,C,D2,24,4,S_94,mm3/mm3,Samp,4,22
"CS650(94,2)",ElectricalConductivity,Deep,VeryStony,C,D2,24,4,S_94,dS/m,Samp,4,22
"CS650(94,3)",Temperature,Deep,VeryStony,C,D2,24,4,S_94,oC,Samp,4,22
"CS650(94,4)",Permittivity,Deep,VeryStony,C,D2,24,4,S_94,-,Samp,4,22
"CS650(94,5)",Period,Deep,VeryStony,C,D2,24,4,S_94,uSec,Samp,4,22
"CS650(94,6)",VoltageRatio,Deep,VeryStony,C,D2,24,4,S_94,-,Samp,4,22
"CS650(95,1)",VolumetricWaterContent,Deep,VeryStony,C,D3,24,4,S_95,mm3/mm3,Samp,4,23
"CS650(95,2)",ElectricalConductivity,Deep,VeryStony,C,D3,24,4,S_95,dS/m,Samp,4,23
"CS650(95,3)",Temperature,Deep,VeryStony,C,D3,24,4,S_95,oC,Samp,4,23
"CS650(95,4)",Permittivity,Deep,VeryStony,C,D3,24,4,S_95,-,Samp,4,23
"CS650(95,5)",Period,Deep,VeryStony,C,D3,24,4,S_95,uSec,Samp,4,23
"CS650(95,6)",VoltageRatio,Deep,VeryStony,C,D3,24,4,S_95,-,Samp,4,23
"CS650(96,1)",VolumetricWaterContent,Deep,VeryStony,C,D4,24,4,S_96,mm3/mm3,Samp,4,24
"CS650(96,2)",ElectricalConductivity,Deep,VeryStony,C,D4,24,4,S_96,dS/m,Samp,4,24
"CS650(96,3)",Temperature,Deep,VeryStony,C,D4,24,4,S_96,oC,Samp,4,24
"CS650(96,4)",Permittivity,Deep,VeryStony,C,D4,24,4,S_96,-,Samp,4,24
"CS650(96,5)",Period,Deep,VeryStony,C,D4,24,4,S_96,uSec,Samp,4,24
"CS650(96,6)",VoltageRatio,Deep,VeryStony,C,D4,24,4,S_96,-,Samp,4,24
